Modello,Score (0-100),Note Errori,Velocità (Tok/s),Tempo Totale (s),Output Preview
qwen2.5:7b,80,"LOW_PAUSES, TOO_SHORT",54.99,11.08,"{
  ""titolo"": ""Il Colosseo: La Passione dei Romani"",
  ""descrizione_audio"": ""Immaginatevi un luogo dove le emozioni si accendono come fuochi artificiali! Il Colosseo, questo anfiteatro del primo secolo, è stato il cuore battente della vita romana. Qui, le grida dei combattenti echeggiavano tra i muri di pietra, mentre la folla si agitava in un turbine di emozioni!... Cosa ci aspetta dentro queste pareti antiche?... Siete pronti a scoprire l'epopea che ha reso il Colosseo una leggenda per secoli?!"",
  ""fact_check"": [""primo secolo"", ""giocose"", ""luogo dei giochi""]
}"
llama3.1:8b,70,"LOW_PAUSES, FLAT_TONE (No '!'), TOO_SHORT",31.25,14.43,"{
  ""titolo"": ""La Maestà del Colosseo"",
  ""descrizione_audio"": ""Siamo immersi nel cuore di Roma, dove l'architettura e la storia si incontrano in un capolavoro dell'ingegno umano: il Colosseo. Questo anfiteatro romano, costruito nel I secolo d.C., è stato teatro dei giochi più spettacolari della civiltà antica... (pausa) ...dove gli atleti si sfidavano in lotta, corsa e caccia di animali feroci. La sua forma ellittica, con le sue curve sinuose, sembra quasi un gigante addormentato, pronto a risvegliarsi alla vita. Il Colosseo è più che un monumento: è un simbolo della passione, del coraggio e della grandezza di Roma."",
  ""fact_check"": [""I secolo d.C."", ""Anfiteatro romano"", ""Giochi""]
}"
mistral-nemo,60,"NO_PAUSES, FLAT_TONE (No '!'), TOO_SHORT",9.44,34.33,"{
  ""titolo"": ""Il glorioso Colosseo"",
  ""descrizione_audio"": ""Immagina il ruggito della folla, l'odore del sangue e la polvere che si alza nell'aria. Benvenuto al Colosseo, un anfiteatro romano costruito nel primo secolo. Questo non era solo uno stadio per i giochi, ma un simbolo di potere e grandezza dell'Impero Romano. Con una capacità di circa 50.000 spettatori, il Colosseo era il luogo dove si svolgevano le più grandi sfide tra gladiatori e animali selvaggi. Ma non era solo uno spettacolo cruento, era anche un'occasione per la gente comune di sentirsi parte dell'Impero. Passeggia con me lungo i suoi corridoi e lasciati trasportare dalla storia."",
  ""fact_check"": [""Anfiteatro Flavio"", ""primo secolo d.C."", ""giochi gladiatori""]
}"
phi3.5,0,CRITICAL: No JSON,96.77,6.32,"{
  ""titolo"": ""Immersioni nel Cuore della Roma Antica: Il Mitico Anfiteatro di Giulio Cesare"",
  ""descrizione_audio"": ""Intraprendi un viaggio avvincente al cuore del passato, dove il Colosseo - una meraviglia dell'architettura romana - si erge come testimonianza monumentale della gloria antica. Costruito nel primo secolo sotto l'impero di Giulio Cesare, questo vasto anfiteatro ha visto la passione e il pericolo intrecciarsi in una sinfonia di giochi che hanno catturato lo spirito dell'epoca. Immagina le mura vibranti con i suoni del pubblico mentre si avventura attraverso questa arena, dove gladiatori combattevano e animali selvaggi affrontavano il loro destino sotto gli occhi di un popolo spettante.\nLista array fact-check: [""primo secolo"", ""Giulio Cesare"", ""giochi""]\n"
